iter,steps,time_s,sps,mean_rew,success,collision,fell,timeout,kl,lr,std
1,3072,8.0,386,-0.2851,0.04,0.96,0.0,0.0,0.0054,0.001,0.499
2,6144,15.8,388,-0.2381,0.043,0.957,0.0,0.0,0.0092,0.001,0.497
3,9216,23.7,388,-0.2464,0.043,0.957,0.0,0.0,0.0082,0.001,0.498
4,12288,31.5,391,-0.137,0.058,0.942,0.0,0.0,0.0083,0.001,0.498
5,15360,39.1,393,-0.1017,0.072,0.928,0.0,0.0,0.008,0.001,0.498
6,18432,46.3,398,-0.0869,0.081,0.919,0.0,0.0,0.0055,0.001,0.497
7,21504,54.3,396,-0.0351,0.094,0.906,0.0,0.0,0.0045,0.001,0.497
8,24576,62.4,394,0.0025,0.111,0.889,0.0,0.0,0.0088,0.001,0.497
9,27648,70.3,393,-0.0182,0.12,0.876,0.0,0.004,0.0082,0.001,0.495
10,30720,78.1,393,-0.0227,0.122,0.855,0.004,0.02,0.0117,0.001,0.494
11,33792,85.5,395,0.0126,0.143,0.831,0.004,0.023,0.0135,0.001,0.493
12,36864,92.5,399,0.0085,0.164,0.8,0.004,0.032,0.0151,0.001,0.491
13,39936,99.3,402,0.0496,0.188,0.774,0.003,0.034,0.0123,0.001,0.491
14,43008,106.5,404,0.0723,0.22,0.733,0.003,0.043,0.0116,0.001,0.49
15,46080,114.3,403,0.0576,0.237,0.707,0.007,0.05,0.0131,0.001,0.491
16,49152,122.1,403,0.0839,0.29,0.653,0.007,0.05,0.0124,0.001,0.49
17,52224,129.2,404,0.0754,0.327,0.613,0.007,0.053,0.0121,0.001,0.488
18,55296,136.4,405,0.0502,0.36,0.577,0.007,0.057,0.0296,0.000132,0.487
19,58368,144.2,405,0.0765,0.417,0.513,0.007,0.063,0.0085,0.000667,0.486
20,61440,152.0,404,0.0783,0.44,0.487,0.007,0.067,0.0182,0.001,0.485
21,64512,159.4,405,0.056,0.483,0.443,0.007,0.067,0.0215,0.000667,0.484
22,67584,166.5,406,0.0848,0.527,0.4,0.007,0.067,0.0154,0.001,0.484
23,70656,173.6,407,0.0771,0.563,0.363,0.007,0.067,0.0337,0.000296,0.482
24,73728,180.6,408,0.0937,0.603,0.317,0.013,0.067,0.0151,0.000444,0.483
25,76800,188.6,407,0.0866,0.637,0.28,0.017,0.067,0.0171,0.000667,0.483
26,79872,196.7,406,0.0336,0.647,0.267,0.02,0.067,0.0273,0.000198,0.483
27,82944,204.5,406,0.0649,0.663,0.247,0.02,0.07,0.0117,0.000296,0.482
28,86016,211.7,406,0.1357,0.68,0.237,0.023,0.06,0.0123,0.000667,0.481
29,89088,218.8,407,0.1274,0.69,0.233,0.023,0.053,0.0259,0.000444,0.482
30,92160,226.0,408,0.0815,0.7,0.233,0.023,0.043,0.0136,0.000667,0.481
31,95232,233.8,407,0.0464,0.69,0.24,0.023,0.047,0.0192,0.001,0.479
32,98304,241.9,406,0.0781,0.687,0.24,0.027,0.047,0.0232,0.000667,0.477
33,101376,249.1,407,0.0752,0.697,0.223,0.027,0.053,0.0174,0.000296,0.476
34,104448,256.5,407,0.1041,0.703,0.22,0.027,0.05,0.0109,0.000444,0.475
35,107520,263.8,408,0.0932,0.713,0.207,0.03,0.05,0.0121,0.000667,0.474
36,110592,271.8,407,0.109,0.723,0.187,0.033,0.057,0.0127,0.001,0.473
37,113664,279.5,407,0.1587,0.723,0.177,0.04,0.06,0.0102,0.001,0.471
38,116736,286.7,407,0.1327,0.743,0.153,0.04,0.063,0.0152,0.001,0.471
39,119808,294.0,408,0.0427,0.75,0.15,0.033,0.067,0.0224,0.000667,0.471
40,122880,301.8,407,0.0366,0.747,0.153,0.03,0.07,0.0222,0.000444,0.471
41,125952,309.3,407,0.1395,0.767,0.13,0.027,0.077,0.0139,0.000667,0.469
42,129024,316.8,407,0.1367,0.783,0.11,0.03,0.077,0.0135,0.000667,0.468
43,132096,324.6,407,0.0881,0.777,0.117,0.027,0.08,0.0193,0.000444,0.467
44,135168,332.3,407,0.1353,0.783,0.117,0.027,0.073,0.0187,0.001,0.466
45,138240,340.0,407,0.1017,0.783,0.11,0.033,0.073,0.0153,0.001,0.466
46,141312,347.5,407,0.0347,0.793,0.097,0.033,0.077,0.0266,0.000444,0.466
47,144384,355.2,407,0.078,0.793,0.087,0.033,0.087,0.0133,0.000444,0.466
48,147456,362.8,406,0.0808,0.793,0.083,0.033,0.09,0.0127,0.000667,0.466
49,150528,370.1,407,0.0848,0.793,0.073,0.04,0.093,0.0187,0.001,0.464
50,153600,377.3,407,0.0772,0.797,0.07,0.04,0.093,0.0208,0.000667,0.463
51,156672,385.4,407,0.0434,0.8,0.067,0.04,0.093,0.0121,0.001,0.462
52,159744,392.6,407,0.0966,0.803,0.073,0.037,0.087,0.018,0.001,0.461
53,162816,399.9,407,0.1166,0.797,0.067,0.033,0.103,0.022,0.000667,0.46
54,165888,407.3,407,0.1779,0.787,0.077,0.03,0.107,0.0205,0.000667,0.459
55,168960,414.6,408,0.2236,0.793,0.073,0.033,0.1,0.0142,0.001,0.459
56,172032,422.4,407,0.1487,0.793,0.07,0.04,0.097,0.0201,0.000667,0.459
57,175104,430.1,407,0.1118,0.797,0.073,0.04,0.09,0.014,0.000667,0.459
58,178176,437.6,407,0.1437,0.81,0.067,0.043,0.08,0.0228,0.000667,0.459
59,181248,445.4,407,0.1217,0.807,0.063,0.043,0.087,0.0197,0.000667,0.458
60,184320,452.5,407,0.0952,0.79,0.077,0.037,0.097,0.0283,0.000444,0.457
61,187392,460.3,407,0.1491,0.793,0.083,0.033,0.09,0.0157,0.000667,0.458
62,190464,468.0,407,0.1022,0.803,0.083,0.033,0.08,0.0208,0.000444,0.458
63,193536,475.4,407,0.1213,0.81,0.083,0.03,0.077,0.0183,0.000667,0.459
64,196608,483.0,407,0.1038,0.803,0.09,0.027,0.08,0.0218,0.000667,0.458
65,199680,490.3,407,0.1385,0.81,0.087,0.023,0.08,0.0177,0.001,0.457
66,202752,497.7,407,0.1257,0.817,0.087,0.027,0.07,0.0177,0.001,0.457
67,205824,505.8,407,0.147,0.82,0.087,0.027,0.067,0.0331,0.000296,0.457
68,208896,512.8,407,0.2216,0.827,0.08,0.023,0.07,0.0138,0.000444,0.457
69,211968,519.9,408,0.1323,0.833,0.077,0.023,0.067,0.0118,0.000667,0.457
70,215040,527.3,408,0.1406,0.837,0.07,0.02,0.073,0.0169,0.000667,0.457
71,218112,535.7,407,0.0962,0.82,0.08,0.02,0.08,0.0178,0.000667,0.457
72,221184,543.4,407,0.1227,0.827,0.077,0.017,0.08,0.0198,0.000667,0.455
73,224256,550.6,407,0.1054,0.827,0.077,0.013,0.083,0.0374,0.000296,0.452
74,227328,557.5,408,0.1457,0.833,0.063,0.017,0.087,0.0227,0.000198,0.451
75,230400,564.9,408,0.1613,0.833,0.063,0.02,0.083,0.0081,0.000667,0.451
76,233472,571.8,408,0.0871,0.823,0.07,0.02,0.087,0.0283,0.000444,0.451
77,236544,579.0,409,0.1101,0.827,0.067,0.027,0.08,0.0206,0.000444,0.45
78,239616,586.1,409,0.1436,0.83,0.07,0.027,0.073,0.0153,0.001,0.448
79,242688,593.0,409,0.153,0.813,0.073,0.03,0.083,0.0215,0.000444,0.446
80,245760,600.9,409,0.1388,0.81,0.08,0.033,0.077,0.0229,0.000444,0.445
81,248832,608.3,409,0.0936,0.813,0.077,0.037,0.073,0.0148,0.000444,0.445
82,251904,615.6,409,0.1546,0.8,0.08,0.037,0.083,0.0231,0.000296,0.444
83,254976,623.0,409,0.0709,0.793,0.083,0.033,0.09,0.0155,0.000296,0.444
