iter,steps,time_s,sps,mean_rew,ev,ew,fall_rate,v_max,kl,lr,std
1,6144,2.7,2265,0.0537,1.184,0.929,1.0,3.0,0.0036,0.001,0.5
2,12288,5.6,2208,0.0367,1.583,0.97,1.0,3.0,0.0036,0.001,0.498
3,18432,8.4,2204,0.0162,1.651,1.419,1.0,3.0,0.01,0.001,0.499
4,24576,11.2,2199,0.0245,1.646,1.315,1.0,3.0,0.0098,0.001,0.5
5,30720,14.1,2183,0.021,1.889,1.242,1.0,3.0,0.0097,0.001,0.501
6,36864,16.8,2190,0.0148,1.94,1.307,1.0,3.0,0.0086,0.001,0.5
7,43008,19.7,2182,0.0205,2.124,1.169,1.0,3.0,0.01,0.001,0.498
8,49152,22.5,2188,0.026,2.357,1.157,0.053,3.0,0.0081,0.001,0.497
9,55296,25.2,2193,0.0171,2.128,1.301,0.8,3.0,0.0115,0.001,0.495
10,61440,27.9,2204,0.0195,2.117,1.046,0.417,3.0,0.0077,0.001,0.494
11,67584,30.7,2203,0.0302,1.78,1.127,0.25,3.0,0.0066,0.001,0.492
12,73728,33.5,2203,0.0312,1.737,1.105,1.0,3.0,0.0069,0.001,0.492
13,79872,36.1,2212,0.038,2.005,0.865,0.0,3.0,0.0098,0.001,0.489
14,86016,38.9,2213,0.027,2.047,1.031,0.75,3.0,0.0077,0.001,0.488
15,92160,41.6,2215,0.0295,1.492,1.069,0.667,3.0,0.007,0.001,0.488
16,98304,44.6,2202,0.0389,1.424,0.93,0.0,3.0,0.0054,0.001,0.49
17,104448,47.5,2198,0.0444,1.182,0.952,0.25,3.0,0.0092,0.001,0.49
18,110592,50.6,2188,0.0431,1.211,0.867,0.111,3.0,0.0102,0.001,0.491
19,116736,53.3,2191,0.0395,1.141,1.028,0.0,3.0,0.0115,0.001,0.492
20,122880,55.9,2197,0.0311,1.253,1.136,0.8,3.0,0.008,0.001,0.491
21,129024,58.8,2193,0.0468,0.968,1.013,0.75,3.0,0.011,0.001,0.49
22,135168,61.7,2192,0.0527,0.962,0.994,0.167,3.0,0.0082,0.001,0.49
23,141312,64.4,2196,0.0497,0.921,1.038,0.25,3.0,0.0097,0.001,0.489
24,147456,67.0,2200,0.054,0.877,0.878,0.154,3.0,0.0103,0.001,0.487
25,153600,70.0,2196,0.061,0.879,0.92,0.0,3.0,0.0133,0.001,0.488
26,159744,73.0,2189,0.0572,0.792,1.037,0.125,3.0,0.0106,0.001,0.487
27,165888,75.7,2191,0.0474,0.784,1.067,0.667,3.0,0.0095,0.001,0.485
28,172032,78.6,2189,0.0579,0.835,0.93,0.5,3.0,0.0074,0.001,0.484
29,178176,81.4,2189,0.0515,0.843,1.004,0.0,3.0,0.0126,0.001,0.485
30,184320,84.2,2189,0.0642,0.746,0.93,0.286,3.0,0.0083,0.001,0.485
31,190464,87.2,2185,0.067,0.859,0.851,0.25,3.0,0.0073,0.001,0.483
32,196608,90.1,2183,0.0691,0.686,0.858,0.083,3.0,0.0094,0.001,0.481
33,202752,92.9,2183,0.0685,0.67,1.035,0.0,3.0,0.0085,0.001,0.48
34,208896,95.8,2182,0.0726,0.655,0.817,0.125,3.0,0.0087,0.001,0.48
35,215040,98.4,2185,0.0723,0.754,0.745,0.333,3.0,0.012,0.001,0.479
36,221184,101.8,2172,0.0664,0.664,0.997,0.5,3.0,0.0088,0.001,0.478
37,227328,104.8,2168,0.0782,0.617,0.921,0.429,3.0,0.0109,0.001,0.476
38,233472,107.5,2173,0.0756,0.636,0.95,0.111,3.0,0.0116,0.001,0.475
39,239616,110.1,2177,0.0687,0.645,1.093,0.75,3.0,0.0073,0.001,0.474
40,245760,112.9,2177,0.0739,0.638,0.846,0.0,3.0,0.0101,0.001,0.473
41,251904,115.8,2175,0.079,0.715,0.707,0.333,3.0,0.0114,0.001,0.471
42,258048,118.5,2177,0.073,0.755,0.886,0.0,3.0,0.0118,0.001,0.473
43,264192,121.5,2174,0.0702,0.69,0.924,0.286,3.0,0.0107,0.001,0.471
44,270336,124.4,2172,0.0741,0.611,1.063,0.0,3.0,0.0096,0.001,0.47
45,276480,127.3,2172,0.0796,0.595,0.994,0.1,3.0,0.0156,0.001,0.467
46,282624,130.2,2170,0.0894,0.483,0.757,0.167,3.0,0.0128,0.001,0.465
47,288768,133.4,2164,0.0808,0.541,0.959,0.083,3.0,0.0108,0.001,0.465
48,294912,136.4,2162,0.0706,0.534,1.069,0.333,3.0,0.0141,0.001,0.465
49,301056,139.3,2162,0.0655,0.719,1.072,0.625,3.0,0.0122,0.001,0.465
50,307200,141.9,2165,0.0807,0.617,0.826,0.167,3.0,0.0113,0.001,0.466
51,313344,144.8,2164,0.0821,0.555,0.808,0.333,3.0,0.0149,0.001,0.467
52,319488,147.5,2166,0.0801,0.585,0.827,0.667,3.0,0.0114,0.001,0.466
53,325632,150.3,2167,0.0818,0.573,0.658,0.111,3.0,0.0119,0.001,0.466
54,331776,153.2,2166,0.0806,0.601,0.817,0.333,3.0,0.0119,0.001,0.467
55,337920,156.1,2165,0.0834,0.477,0.889,0.0,3.0,0.0102,0.001,0.469
56,344064,159.0,2165,0.0785,0.551,0.882,0.333,3.0,0.0146,0.001,0.47
57,350208,162.0,2162,0.0757,0.605,0.881,0.111,3.0,0.0145,0.001,0.471
58,356352,165.2,2158,0.0795,0.686,0.767,0.25,3.0,0.0117,0.001,0.47
59,362496,167.8,2160,0.079,0.598,0.919,0.0,3.0,0.0155,0.001,0.471
60,368640,170.6,2160,0.0751,0.62,0.846,0.4,3.0,0.0151,0.001,0.469
61,374784,173.6,2158,0.0753,0.629,0.852,0.375,3.0,0.0189,0.001,0.467
62,380928,176.3,2160,0.0852,0.529,0.868,0.2,3.0,0.0091,0.001,0.467
63,387072,179.1,2162,0.0799,0.521,0.865,0.222,3.0,0.012,0.001,0.466
