iter,steps,time_s,sps,rew,level_mean,level_p90,std,pi_loss,v_loss,est_loss,sym_loss,kl,ent,clipfrac,lr,r_track_v,r_track_w,r_steady,r_tilt,r_act_rate,r_act_smooth,r_power,r_saturation,r_pendulum,r_bob_limit
1,4800,2.7,1762,0.14058,0.0,0.0,0.30006,-0.00413,2.54822,0.05999,0.00052,0.00389,0.64701,0.04717,0.001,0.74613,0.53127,0.17908,-5e-05,-0.01066,-0.01596,-0.01248,0.0,-0.0115,0.0
2,9600,6.1,1570,0.14282,0.0,0.0,0.2986,-0.00528,0.15192,0.00569,0.00104,0.0049,0.63889,0.05733,0.001,0.75168,0.57775,0.15012,-7e-05,-0.01124,-0.01692,-0.0113,0.0,-0.01187,0.0
3,14400,8.8,1633,0.12807,0.0,0.0,0.29923,-0.00553,0.07656,0.00291,0.00184,0.00435,0.63105,0.051,0.001,0.70036,0.49037,0.14218,-9e-05,-0.01067,-0.01602,-0.01377,0.0,-0.01162,0.0
4,19200,11.3,1696,0.13611,0.0,0.0,0.29917,-0.0052,0.07252,0.00225,0.00244,0.00453,0.63836,0.05096,0.001,0.73501,0.54684,0.13428,-0.00025,-0.01064,-0.01587,-0.01531,0.0,-0.01287,-5e-05
5,24000,13.7,1753,0.12701,0.0,0.0,0.29964,-0.00573,0.05375,0.00197,0.00218,0.00615,0.63699,0.07875,0.001,0.68091,0.51871,0.12939,-0.00022,-0.01061,-0.01586,-0.01707,-3e-05,-0.01514,-0.0
6,28800,15.9,1807,0.1257,0.0,0.0,0.2994,-0.00607,0.04202,0.00176,0.00281,0.00478,0.64212,0.05321,0.001,0.72752,0.46904,0.12455,-0.00057,-0.01072,-0.01609,-0.02022,-0.00024,-0.01628,0.0
7,33600,18.5,1819,0.11839,0.0,0.0,0.30005,-0.00785,0.03846,0.00209,0.00319,0.0066,0.64023,0.08421,0.001,0.6768,0.46161,0.11464,-0.00084,-0.01117,-0.01683,-0.02002,-6e-05,-0.02021,-0.0
8,38400,20.8,1847,0.12295,0.0,0.0,0.29956,-0.00664,0.04128,0.00185,0.00478,0.00522,0.64449,0.0625,0.001,0.6972,0.48431,0.11067,-0.00059,-0.01093,-0.01632,-0.01735,-3e-05,-0.01742,-1e-05
9,43200,23.1,1872,0.1209,0.0,0.0,0.2993,-0.0071,0.03658,0.00211,0.00447,0.00787,0.63838,0.1025,0.001,0.70797,0.45739,0.10905,-0.00057,-0.01134,-0.01703,-0.02048,0.0,-0.01596,0.0
10,48000,27.0,1776,0.1245,0.0,0.0,0.29964,-0.00692,0.03784,0.00241,0.00573,0.00634,0.63915,0.07975,0.001,0.71917,0.48719,0.10516,-0.00117,-0.01138,-0.01721,-0.02077,-2e-05,-0.01584,-9e-05
11,52800,29.5,1791,0.13384,0.0375,0.05,0.29901,-0.00714,0.02282,0.00219,0.00443,0.00832,0.63793,0.10375,0.001,0.70787,0.50734,0.17621,-5e-05,-0.01134,-0.01715,-0.014,-7e-05,-0.01042,0.0
12,57600,31.9,1805,0.13824,0.0375,0.05,0.29867,-0.00809,0.03661,0.00234,0.00569,0.00743,0.63401,0.09792,0.001,0.75218,0.55047,0.13185,-6e-05,-0.0112,-0.01698,-0.01413,-7e-05,-0.00963,0.0
13,62400,34.3,1817,0.13398,0.0375,0.05,0.29688,-0.00795,0.02896,0.00232,0.00509,0.00913,0.62316,0.12342,0.001,0.72664,0.53034,0.13634,-6e-05,-0.01137,-0.01721,-0.01447,-7e-05,-0.01031,0.0
14,67200,36.8,1827,0.13512,0.0375,0.05,0.2973,-0.00759,0.04095,0.00228,0.00626,0.00735,0.6131,0.09475,0.001,0.76354,0.50948,0.13024,-7e-05,-0.01086,-0.01634,-0.01499,-7e-05,-0.00978,0.0
15,72000,39.1,1842,0.12567,0.0375,0.05,0.29841,-0.00964,0.03058,0.00224,0.00603,0.00795,0.62227,0.1085,0.001,0.69695,0.49273,0.12243,-8e-05,-0.01126,-0.01709,-0.01578,-7e-05,-0.01117,-0.0
16,76800,41.4,1856,0.13016,0.0375,0.05,0.29769,-0.01196,0.03113,0.00253,0.0069,0.00932,0.6253,0.12179,0.001,0.72156,0.52372,0.11257,-0.00018,-0.01148,-0.01743,-0.01542,-6e-05,-0.01163,-1e-05
17,81600,43.9,1860,0.12041,0.0375,0.05,0.29524,-0.01141,0.0227,0.00262,0.0067,0.00868,0.61017,0.11387,0.001,0.69296,0.46454,0.10714,-0.00025,-0.0115,-0.0175,-0.01839,-6e-05,-0.01281,-1e-05
18,86400,46.2,1869,0.13148,0.0375,0.05,0.29511,-0.01022,0.02985,0.00282,0.00799,0.00997,0.59229,0.12379,0.001,0.74223,0.53015,0.10212,-0.00079,-0.01099,-0.01659,-0.01788,-7e-05,-0.01309,-0.00027
19,91200,48.6,1875,0.12273,0.0375,0.05,0.29546,-0.01112,0.02576,0.00291,0.00761,0.00982,0.59717,0.13012,0.001,0.72971,0.45428,0.10096,-0.00056,-0.01106,-0.0166,-0.01653,-8e-05,-0.01278,-0.0
20,96000,51.7,1857,0.1277,0.0375,0.05,0.29512,-0.01233,0.02882,0.00283,0.00715,0.01098,0.59705,0.14496,0.001,0.73455,0.50317,0.09911,-0.00133,-0.0114,-0.01741,-0.01766,-7e-05,-0.012,0.0
21,100800,54.3,1857,0.1434,0.07812,0.1,0.29377,-0.0112,0.01989,0.00305,0.0061,0.00999,0.59001,0.12454,0.001,0.76016,0.546,0.17829,-4e-05,-0.01154,-0.01742,-0.01286,-0.00014,-0.00843,0.0
22,105600,56.8,1859,0.13831,0.07812,0.1,0.2931,-0.01396,0.03332,0.00319,0.00787,0.01019,0.57653,0.13304,0.001,0.72253,0.56589,0.14983,-6e-05,-0.01147,-0.01745,-0.01685,-0.00014,-0.00914,0.0
23,110400,59.5,1856,0.1356,0.07812,0.1,0.29132,-0.01201,0.036,0.00319,0.00832,0.01235,0.56704,0.15692,0.001,0.70861,0.55604,0.14731,-6e-05,-0.01157,-0.0175,-0.01673,-0.00013,-0.00997,0.0
24,115200,62.2,1852,0.1367,0.07812,0.1,0.28938,-0.01211,0.02499,0.00312,0.00876,0.01248,0.54521,0.16388,0.001,0.71243,0.56486,0.14667,-7e-05,-0.01138,-0.01742,-0.0186,-0.00014,-0.00933,-0.0
25,120000,64.7,1853,0.13439,0.07812,0.1,0.28807,-0.01307,0.02245,0.00317,0.00952,0.01111,0.52961,0.15237,0.001,0.72899,0.53092,0.14146,-7e-05,-0.01137,-0.01711,-0.01822,-0.00015,-0.01057,0.0
26,124800,67.5,1850,0.13427,0.07812,0.1,0.28806,-0.01162,0.03165,0.00327,0.00948,0.01231,0.52096,0.15887,0.001,0.73073,0.52939,0.13647,-0.00012,-0.01129,-0.01711,-0.01505,-0.00014,-0.01015,0.0
27,129600,69.8,1856,0.12678,0.07812,0.1,0.2873,-0.01663,0.0306,0.00351,0.01188,0.01303,0.51942,0.16625,0.00067,0.68608,0.49243,0.14328,-0.00012,-0.01157,-0.01762,-0.01458,-0.00015,-0.00993,-1e-05
28,134400,72.1,1863,0.13147,0.07812,0.1,0.28675,-0.01454,0.03296,0.00308,0.01242,0.0147,0.51019,0.17896,0.00044,0.74526,0.48523,0.14018,-0.00035,-0.01122,-0.0169,-0.01734,-0.00014,-0.00997,-0.0
29,139200,74.3,1875,0.1284,0.07812,0.1,0.28738,-0.01322,0.03109,0.00314,0.0105,0.00901,0.51107,0.11325,0.00067,0.70308,0.49974,0.13799,-0.00103,-0.01157,-0.01752,-0.01644,-0.00014,-0.01014,0.0
30,144000,77.3,1862,0.12843,0.07812,0.1,0.28817,-0.01464,0.02229,0.00341,0.01056,0.01099,0.52064,0.13425,0.001,0.67959,0.52644,0.13748,-0.00173,-0.01152,-0.01744,-0.01677,-0.00016,-0.01158,0.0
31,148800,79.5,1872,0.13915,0.11563,0.15,0.28855,-0.01153,0.02096,0.00284,0.00749,0.01005,0.52589,0.13258,0.001,0.73318,0.53722,0.17223,-6e-05,-0.01117,-0.01672,-0.01457,-0.0002,-0.00841,0.0
32,153600,81.8,1878,0.1352,0.11563,0.15,0.28856,-0.01525,0.02708,0.00317,0.01076,0.01321,0.52799,0.16217,0.00067,0.71319,0.57566,0.12038,-0.00011,-0.0114,-0.0171,-0.01747,-0.00021,-0.01088,-2e-05
33,158400,84.2,1882,0.13012,0.11563,0.15,0.28684,-0.01505,0.02194,0.00331,0.01078,0.01077,0.52108,0.13575,0.001,0.70567,0.54051,0.11445,-0.00021,-0.01136,-0.01704,-0.02001,-0.00022,-0.01061,-1e-05
34,163200,86.4,1888,0.13438,0.11563,0.15,0.28713,-0.01269,0.02826,0.00359,0.00979,0.01458,0.50888,0.18637,0.00067,0.73092,0.5693,0.10153,-0.0007,-0.01095,-0.01654,-0.01675,-0.00021,-0.01278,-0.0
35,168000,89.0,1888,0.13028,0.11563,0.15,0.28704,-0.013,0.02891,0.00329,0.00882,0.01182,0.51314,0.15563,0.001,0.71824,0.54747,0.0955,-0.00149,-0.01111,-0.01663,-0.01626,-0.00031,-0.01263,0.0
36,172800,91.8,1882,0.12418,0.11469,0.15,0.287,-0.01416,0.03946,0.00324,0.0101,0.01333,0.51106,0.15979,0.001,0.70073,0.51206,0.10052,-0.00344,-0.01122,-0.01683,-0.01921,-0.00022,-0.0122,0.0
37,177600,94.3,1883,0.12308,0.11354,0.15,0.28635,-0.01326,0.02113,0.00357,0.00833,0.01282,0.50712,0.15892,0.001,0.69859,0.49978,0.09882,-0.00293,-0.01124,-0.01699,-0.02074,-0.00038,-0.01412,-1e-05
38,182400,96.9,1883,0.13071,0.11354,0.15,0.28528,-0.01503,0.02583,0.00397,0.00792,0.01436,0.4983,0.17238,0.00067,0.74969,0.53582,0.09283,-0.00285,-0.01158,-0.01761,-0.02317,-0.0005,-0.01554,0.0
39,187200,99.3,1885,0.11826,0.11354,0.15,0.28436,-0.01342,0.03393,0.00389,0.00817,0.01344,0.48812,0.16583,0.00067,0.69271,0.46102,0.09484,-0.0026,-0.01104,-0.01669,-0.02177,-0.00023,-0.01366,0.0
40,192000,102.1,1881,0.12332,0.11354,0.15,0.28476,-0.01497,0.02657,0.00369,0.0091,0.01409,0.48297,0.169,0.001,0.71832,0.48353,0.09585,-0.00191,-0.01115,-0.01682,-0.0213,-0.00022,-0.01306,-8e-05
41,196800,104.3,1886,0.13466,0.14896,0.2,0.28355,-0.01247,0.01884,0.00362,0.00668,0.0089,0.48367,0.11521,0.001,0.73186,0.49385,0.17199,-4e-05,-0.0113,-0.01704,-0.01451,-0.0003,-0.0079,0.0
42,201600,106.9,1885,0.1381,0.14896,0.2,0.28179,-0.01411,0.01927,0.00374,0.00772,0.01035,0.46345,0.13554,0.001,0.75284,0.55444,0.13208,-0.00017,-0.01156,-0.01758,-0.01928,-0.00029,-0.00945,-3e-05
43,206400,109.2,1889,0.13129,0.14896,0.2,0.28257,-0.01501,0.02464,0.00397,0.00834,0.01084,0.45718,0.13621,0.001,0.74266,0.50419,0.12581,-0.00162,-0.01144,-0.01719,-0.01829,-0.00028,-0.0107,-0.00027
44,211200,111.4,1896,0.13021,0.14804,0.2,0.28192,-0.01133,0.026,0.00378,0.00907,0.01048,0.46149,0.12542,0.001,0.74966,0.49161,0.12291,-0.00043,-0.01126,-0.01701,-0.01959,-0.00026,-0.00926,-7e-05
45,216000,113.7,1900,0.13024,0.14792,0.2,0.28137,-0.01391,0.02978,0.00388,0.00941,0.01234,0.45412,0.15833,0.001,0.68587,0.56137,0.11353,-0.00023,-0.0116,-0.0176,-0.01764,-0.00028,-0.01102,-5e-05
46,220800,116.4,1897,0.12343,0.14885,0.2,0.2806,-0.01027,0.03602,0.00393,0.01014,0.01228,0.44589,0.16208,0.001,0.67053,0.51636,0.11155,-0.00052,-0.01115,-0.01683,-0.02356,-0.00031,-0.01174,0.0
47,225600,119.2,1893,0.12017,0.15,0.2,0.28062,-0.01179,0.0271,0.00383,0.00966,0.01308,0.44217,0.17054,0.001,0.68806,0.46211,0.11414,-0.00063,-0.01113,-0.01684,-0.02226,-0.00037,-0.01133,-7e-05
48,230400,121.5,1896,0.12789,0.15,0.2,0.28014,-0.01523,0.02225,0.00354,0.00938,0.01563,0.44077,0.19333,0.00044,0.70291,0.52243,0.11524,-0.0013,-0.01119,-0.01693,-0.02029,-0.00029,-0.01158,-8e-05
49,235200,123.8,1900,0.12889,0.14905,0.2,0.27951,-0.01084,0.03448,0.00348,0.00973,0.00886,0.43526,0.11125,0.00067,0.7225,0.50833,0.12278,-0.00097,-0.01142,-0.01734,-0.02043,-0.00028,-0.00999,-9e-05
50,240000,126.6,1896,0.11346,0.14896,0.2,0.27956,-0.01447,0.03706,0.00344,0.01093,0.01188,0.43015,0.15146,0.001,0.60855,0.47567,0.11349,-0.0002,-0.01133,-0.01716,-0.0224,-0.00029,-0.01177,0.0
51,244800,128.9,1899,0.1297,0.18021,0.25,0.27893,-0.01139,0.01928,0.00446,0.00955,0.00875,0.43023,0.11646,0.001,0.6486,0.5118,0.19422,-5e-05,-0.0115,-0.01736,-0.01993,-0.00036,-0.00838,0.0
52,249600,131.2,1902,0.13968,0.18021,0.25,0.27779,-0.01345,0.01778,0.00485,0.01022,0.01488,0.41852,0.18092,0.00067,0.75981,0.54958,0.14682,-0.00016,-0.01116,-0.0168,-0.02096,-0.00032,-0.00996,-0.0
53,254400,133.6,1904,0.12751,0.18021,0.25,0.27656,-0.01641,0.02415,0.0049,0.01251,0.01337,0.40599,0.17137,0.001,0.67106,0.53608,0.12761,-0.00022,-0.01104,-0.01668,-0.01922,-0.00034,-0.01218,0.0
54,259200,135.9,1908,0.1283,0.18021,0.25,0.27666,-0.01545,0.02817,0.00537,0.01124,0.01355,0.39908,0.17279,0.00067,0.69332,0.52267,0.12644,-0.00046,-0.01078,-0.01627,-0.01954,-0.00053,-0.01188,0.0
55,264000,138.1,1912,0.12606,0.18021,0.25,0.27589,-0.01541,0.03073,0.00567,0.01175,0.01315,0.39721,0.16029,0.001,0.67213,0.52184,0.12618,-0.00103,-0.01112,-0.01677,-0.01892,-0.00032,-0.01143,0.0
56,268800,140.3,1916,0.12764,0.18115,0.25,0.27527,-0.01545,0.02565,0.00497,0.01105,0.01505,0.38811,0.18183,0.00044,0.70442,0.51524,0.12019,-0.00111,-0.01134,-0.01716,-0.02318,-0.00033,-0.01027,-5e-05
57,273600,142.7,1917,0.12576,0.18221,0.25,0.27573,-0.0119,0.03566,0.00562,0.0114,0.01017,0.38727,0.13017,0.00067,0.71599,0.4955,0.11676,-0.00141,-0.01111,-0.01681,-0.02465,-0.00035,-0.01206,-7e-05
58,278400,144.8,1922,0.13406,0.18125,0.25,0.27524,-0.01557,0.01841,0.00515,0.01293,0.01275,0.38734,0.15633,0.00067,0.77059,0.52065,0.11049,-0.00163,-0.01097,-0.01646,-0.02116,-0.00033,-0.01054,-4e-05
59,283200,147.3,1922,0.12425,0.1822,0.25,0.2735,-0.01474,0.02822,0.00533,0.01327,0.01222,0.37569,0.151,0.001,0.6928,0.49674,0.11512,-0.00237,-0.01137,-0.0171,-0.01974,-0.00034,-0.01127,-0.0
60,288000,150.3,1916,0.12278,0.18185,0.25,0.27225,-0.01003,0.03997,0.00582,0.0117,0.01555,0.35775,0.17721,0.001,0.70235,0.48161,0.11809,-0.00263,-0.01082,-0.0163,-0.02394,-0.00034,-0.01188,-5e-05
61,292800,152.6,1919,0.13274,0.21458,0.3,0.27162,-0.01308,0.02241,0.00532,0.01014,0.01014,0.34666,0.12808,0.001,0.62415,0.57539,0.18425,-8e-05,-0.01084,-0.01638,-0.0201,-0.00037,-0.00864,0.0
62,297600,154.8,1923,0.1417,0.21458,0.3,0.27095,-0.01204,0.03273,0.00572,0.00965,0.01379,0.34031,0.17921,0.001,0.74539,0.58343,0.14582,-0.00011,-0.01091,-0.01632,-0.02154,-0.00035,-0.00845,-0.0
63,302400,157.0,1926,0.12631,0.21458,0.3,0.27,-0.01496,0.0345,0.00591,0.01048,0.01478,0.33177,0.1855,0.00044,0.647,0.53944,0.13587,-0.00141,-0.01092,-0.01634,-0.01956,-0.00038,-0.01039,-0.00025
64,307200,159.2,1929,0.13165,0.2155,0.3,0.26925,-0.01233,0.02546,0.00585,0.01064,0.00979,0.32217,0.1275,0.00067,0.698,0.54811,0.12946,-0.00056,-0.01099,-0.01647,-0.0209,-0.00045,-0.00971,0.0
65,312000,161.6,1930,0.12658,0.21563,0.3,0.26987,-0.01429,0.02952,0.00574,0.00964,0.01435,0.31964,0.18146,0.00044,0.7058,0.4912,0.12732,-0.00052,-0.01092,-0.01644,-0.02054,-0.0004,-0.00948,-0.00018
66,316800,164.0,1931,0.11568,0.21466,0.3,0.27065,-0.01207,0.03896,0.00572,0.00919,0.00962,0.32958,0.12367,0.00067,0.63597,0.46386,0.12265,-0.00036,-0.01091,-0.01659,-0.02211,-0.00038,-0.01114,0.0
67,321600,166.6,1931,0.11961,0.21563,0.3,0.26947,-0.01455,0.03839,0.00588,0.00935,0.01358,0.32925,0.17567,0.00067,0.66533,0.4699,0.12248,-0.00022,-0.01083,-0.01651,-0.02348,-0.00044,-0.01009,0.0
68,326400,168.9,1932,0.1228,0.21563,0.3,0.26883,-0.01463,0.02774,0.00596,0.00947,0.01428,0.31587,0.18504,0.001,0.67658,0.48802,0.12117,-0.00068,-0.01054,-0.01593,-0.02081,-0.00041,-0.00923,-0.00021
69,331200,171.4,1933,0.12038,0.21657,0.3,0.26809,-0.01505,0.02384,0.00621,0.00911,0.01542,0.3101,0.19262,0.00044,0.68683,0.47048,0.1134,-0.00196,-0.01058,-0.01596,-0.02539,-0.0004,-0.01234,-0.00026
70,336000,174.1,1930,0.12512,0.2171,0.3,0.26745,-0.01395,0.02133,0.00658,0.01016,0.00907,0.30187,0.11896,0.00067,0.73657,0.46528,0.11099,-0.00097,-0.0105,-0.01554,-0.02103,-0.00042,-0.01276,-0.0004
71,340800,176.5,1931,0.12899,0.24167,0.3,0.26673,-0.01215,0.01975,0.00579,0.00801,0.01323,0.29346,0.1655,0.00044,0.61651,0.53471,0.19577,-7e-05,-0.0104,-0.01547,-0.02107,-0.00048,-0.00957,-1e-05
72,345600,178.9,1932,0.13625,0.24167,0.3,0.26635,-0.01357,0.02924,0.00608,0.00882,0.01014,0.28788,0.13329,0.00067,0.71433,0.55412,0.15529,-0.00018,-0.01024,-0.01521,-0.025,-0.00046,-0.01006,-0.00011
73,350400,181.2,1934,0.11888,0.24167,0.3,0.26702,-0.01209,0.0269,0.00641,0.01003,0.0121,0.28788,0.16046,0.001,0.6282,0.47835,0.14686,-0.00107,-0.01029,-0.01523,-0.02465,-0.00048,-0.01285,-3e-05
74,355200,183.5,1935,0.12274,0.24121,0.3,0.26683,-0.01264,0.04572,0.0066,0.00995,0.01479,0.29292,0.18575,0.00067,0.64225,0.50656,0.14451,-0.00155,-0.01033,-0.01531,-0.02251,-0.00044,-0.01161,-3e-05
75,360000,185.8,1937,0.12442,0.24063,0.3,0.26642,-0.01245,0.02877,0.00616,0.00955,0.01243,0.28841,0.16979,0.00067,0.65801,0.51926,0.13155,-0.0004,-0.01061,-0.01558,-0.02524,-0.00056,-0.01223,0.0
76,364800,188.1,1939,0.1159,0.24256,0.3,0.26529,-0.01566,0.04325,0.00626,0.01034,0.01503,0.28013,0.18588,0.00044,0.60119,0.50072,0.12001,-0.00134,-0.01059,-0.01548,-0.02113,-0.00049,-0.01392,0.0
77,369600,190.5,1940,0.11404,0.24284,0.3,0.26589,-0.01217,0.03389,0.00683,0.0108,0.01173,0.27542,0.14729,0.00067,0.60992,0.4891,0.11244,-0.00143,-0.01013,-0.01475,-0.02689,-0.0005,-0.01318,-6e-05
78,374400,192.7,1943,0.1186,0.24375,0.3,0.26621,-0.01451,0.03359,0.00659,0.01148,0.01652,0.28244,0.20421,0.00044,0.64861,0.5005,0.10737,-0.00229,-0.01046,-0.01521,-0.02842,-0.0005,-0.01351,-6e-05
79,379200,194.9,1945,0.11241,0.2431,0.3,0.26589,-0.01304,0.0389,0.0067,0.01087,0.01078,0.28285,0.14004,0.00067,0.63377,0.46315,0.10238,-0.0023,-0.0101,-0.01462,-0.02899,-0.00052,-0.01444,-8e-05
80,384000,197.5,1945,0.10524,0.2422,0.3,0.26519,-0.01181,0.03826,0.00654,0.0099,0.0144,0.2769,0.1725,0.00067,0.59278,0.42547,0.10875,-0.00204,-0.01008,-0.01478,-0.02814,-0.00054,-0.01491,-0.0
81,388800,199.9,1945,0.13018,0.26146,0.35,0.2655,-0.01307,0.02303,0.00741,0.00779,0.0121,0.27253,0.156,0.001,0.64955,0.53125,0.17848,-0.00043,-0.00987,-0.01425,-0.02203,-0.00052,-0.01035,0.0
82,393600,202.6,1943,0.12932,0.26146,0.35,0.26648,-0.01306,0.04384,0.00716,0.00935,0.01494,0.2808,0.19033,0.00067,0.69507,0.5187,0.14047,-0.00049,-0.01018,-0.01449,-0.02356,-0.00052,-0.01177,0.0
83,398400,205.2,1941,0.11715,0.26146,0.35,0.26644,-0.00992,0.02746,0.00748,0.01049,0.01172,0.28727,0.15129,0.00067,0.64439,0.4592,0.13492,-0.00038,-0.0103,-0.01484,-0.0283,-0.00053,-0.01265,0.0
84,403200,207.7,1941,0.12896,0.26192,0.35,0.26637,-0.01105,0.02529,0.00742,0.00789,0.0152,0.28649,0.18771,0.00067,0.73471,0.48902,0.12995,-0.00015,-0.01041,-0.01507,-0.02621,-0.00049,-0.01174,0.0
85,408000,210.3,1940,0.11869,0.2625,0.35,0.2667,-0.01364,0.03866,0.00815,0.009,0.01383,0.28651,0.17429,0.001,0.64274,0.48542,0.11875,-0.00244,-0.00977,-0.01394,-0.02039,-0.00051,-0.01301,0.0
86,412800,213.0,1938,0.12419,0.26301,0.35,0.26819,-0.01203,0.03342,0.00813,0.01027,0.0157,0.29756,0.17304,0.00067,0.70937,0.47863,0.12295,-0.00234,-0.0094,-0.01343,-0.02202,-0.0005,-0.013,-2e-05
87,417600,215.7,1936,0.12338,0.26461,0.35,0.26959,-0.01531,0.02464,0.00756,0.01009,0.0133,0.31296,0.17017,0.001,0.66518,0.51263,0.12683,-0.00199,-0.00999,-0.01452,-0.02969,-0.0006,-0.01406,0.0
88,422400,218.0,1937,0.11978,0.26562,0.35,0.26905,-0.01309,0.02774,0.00711,0.01121,0.01517,0.31996,0.18333,0.00067,0.65773,0.50131,0.11373,-0.00318,-0.01019,-0.01487,-0.03067,-0.00056,-0.01554,0.0
89,427200,220.6,1936,0.11206,0.26537,0.35,0.26993,-0.01219,0.03669,0.00789,0.01093,0.01457,0.31811,0.17775,0.001,0.6132,0.48974,0.09539,-0.00316,-0.01,-0.01448,-0.02654,-0.00097,-0.01842,-0.0
90,432000,223.4,1934,0.1084,0.26482,0.35,0.27138,-0.0138,0.04278,0.00812,0.0103,0.01193,0.33282,0.15233,0.001,0.62608,0.44046,0.092,-0.00214,-0.00984,-0.01429,-0.02632,-0.00066,-0.01714,0.0
91,436800,225.6,1936,0.12958,0.28646,0.35,0.2713,-0.01281,0.02188,0.00712,0.00871,0.014,0.34166,0.18075,0.001,0.68997,0.50861,0.15648,-0.00011,-0.01036,-0.01515,-0.02076,-0.00057,-0.01232,0.0
92,441600,227.8,1938,0.14048,0.28646,0.35,0.27075,-0.01316,0.02547,0.00763,0.01067,0.01452,0.33677,0.18983,0.00067,0.79335,0.54466,0.13016,-0.00029,-0.01091,-0.01577,-0.02419,-0.00052,-0.01171,0.0
93,446400,230.3,1938,0.1219,0.28593,0.35,0.27098,-0.01336,0.03739,0.00812,0.01117,0.01605,0.33329,0.19733,0.00044,0.6761,0.47676,0.13042,-0.00043,-0.01045,-0.01505,-0.02078,-0.00054,-0.01288,0.0
94,451200,232.6,1940,0.1185,0.28587,0.35,0.27114,-0.01294,0.03292,0.00792,0.01025,0.01205,0.33754,0.15742,0.00067,0.63821,0.48889,0.12456,-0.00038,-0.01031,-0.01514,-0.02559,-0.00139,-0.0138,-2e-05
95,456000,234.9,1941,0.11543,0.28632,0.35,0.27213,-0.01061,0.04713,0.00811,0.01131,0.01506,0.34282,0.18429,0.00067,0.63468,0.47364,0.12137,-0.00096,-0.01067,-0.01569,-0.02818,-0.00059,-0.01508,0.0
96,460800,237.4,1941,0.12035,0.28684,0.35,0.27346,-0.01543,0.03104,0.00782,0.01027,0.01316,0.35584,0.17092,0.001,0.67025,0.49026,0.11143,-0.00182,-0.01054,-0.01527,-0.02516,-0.00064,-0.015,0.0
97,465600,239.9,1941,0.11685,0.288,0.35,0.27338,-0.0126,0.03058,0.00761,0.01116,0.01659,0.36264,0.20833,0.00044,0.61428,0.5106,0.11881,-0.00226,-0.01051,-0.01535,-0.02768,-0.00051,-0.01475,0.0
98,470400,242.3,1942,0.11112,0.28854,0.35,0.27404,-0.01281,0.04874,0.00832,0.01269,0.0131,0.36431,0.16242,0.00067,0.63633,0.44132,0.10406,-0.0016,-0.01015,-0.01466,-0.02833,-0.0008,-0.01501,0.0
99,475200,244.9,1940,0.11256,0.28962,0.35,0.2739,-0.00958,0.04129,0.00811,0.01076,0.01262,0.36948,0.162,0.00067,0.62776,0.47297,0.10056,-0.00358,-0.00985,-0.01419,-0.02635,-0.00059,-0.01699,0.0
100,480000,248.1,1935,0.12107,0.28981,0.35,0.27331,-0.01568,0.03537,0.00835,0.01149,0.0145,0.36362,0.1705,0.00044,0.68113,0.49204,0.12053,-0.00434,-0.00978,-0.01419,-0.02508,-0.00068,-0.01649,0.0
101,484800,250.4,1936,0.13084,0.30417,0.35,0.27316,-0.01331,0.02599,0.00692,0.00949,0.01025,0.36092,0.13342,0.00067,0.64141,0.55207,0.17703,-0.00017,-0.00963,-0.01378,-0.02506,-0.00058,-0.01284,0.0
102,489600,253.0,1936,0.13301,0.30417,0.35,0.27319,-0.01022,0.03429,0.00742,0.01073,0.01561,0.36079,0.19267,0.00067,0.67773,0.56199,0.15524,-0.00081,-0.00984,-0.01419,-0.02609,-0.00083,-0.01312,0.0
103,494400,255.4,1935,0.12483,0.30424,0.35,0.274,-0.01021,0.03669,0.00732,0.01059,0.01248,0.36391,0.15142,0.001,0.66309,0.51266,0.1455,-0.00226,-0.00983,-0.01416,-0.02735,-0.00063,-0.0145,0.0
104,499200,257.9,1936,0.12933,0.30554,0.35,0.27432,-0.01537,0.02629,0.00706,0.01136,0.0122,0.37191,0.15458,0.001,0.66647,0.55603,0.1397,-0.00244,-0.00983,-0.01409,-0.02623,-0.00077,-0.0155,0.0
105,504000,260.4,1936,0.11799,0.30565,0.35,0.27422,-0.01405,0.03995,0.00682,0.01116,0.01622,0.37091,0.18942,0.00044,0.64138,0.48872,0.12956,-0.00248,-0.00974,-0.014,-0.03108,-0.00059,-0.0177,0.0
106,508800,263.3,1933,0.1183,0.30549,0.35,0.27363,-0.0136,0.02318,0.00732,0.01198,0.0102,0.36773,0.13146,0.00067,0.63441,0.49673,0.12712,-0.00298,-0.00983,-0.01401,-0.0267,-0.00065,-0.01689,0.0
107,513600,281.7,1824,0.12475,0.30688,0.35,0.27257,-0.01471,0.02786,0.00772,0.0113,0.01505,0.3586,0.18392,0.00067,0.64618,0.55075,0.12259,-0.00146,-0.01007,-0.01425,-0.03018,-0.00068,-0.01535,0.0
108,518400,288.7,1796,0.12039,0.30729,0.35,0.27303,-0.01053,0.025,0.00776,0.01161,0.01568,0.35499,0.194,0.00044,0.6265,0.5228,0.12414,-0.00038,-0.00994,-0.01401,-0.0293,-0.00061,-0.01533,0.0
109,523200,291.2,1797,0.11362,0.3077,0.35,0.27303,-0.0117,0.04391,0.00746,0.01268,0.01227,0.35913,0.15421,0.00067,0.6145,0.493,0.10176,-0.00318,-0.00964,-0.01349,-0.02416,-0.00079,-0.01761,0.0
110,528000,297.1,1777,0.11901,0.30802,0.35,0.27339,-0.0119,0.04055,0.00802,0.01215,0.01303,0.35955,0.16475,0.001,0.65761,0.49634,0.11703,-0.00387,-0.00965,-0.01375,-0.02689,-0.00069,-0.01771,0.0
111,532800,307.2,1734,0.13917,0.32708,0.4,0.27355,-0.01392,0.01613,0.01017,0.01087,0.01324,0.36324,0.16629,0.001,0.72755,0.56021,0.16724,-0.0013,-0.00997,-0.01397,-0.02424,-0.00089,-0.0129,0.0
112,537600,309.5,1737,0.1366,0.32708,0.4,0.27336,-0.01197,0.02182,0.01014,0.01204,0.01551,0.36225,0.19437,0.00067,0.7287,0.54445,0.14808,-0.00142,-0.00981,-0.01368,-0.01723,-0.00066,-0.0124,0.0
113,542400,311.9,1739,0.12908,0.32761,0.4,0.27274,-0.01609,0.0349,0.01019,0.01222,0.01529,0.35818,0.18421,0.00044,0.69412,0.52123,0.13995,-0.00209,-0.0101,-0.01422,-0.0226,-0.00063,-0.01489,0.0
114,547200,318.6,1718,0.1208,0.32904,0.4,0.27244,-0.01376,0.0332,0.00945,0.01052,0.01058,0.35236,0.13733,0.00067,0.62722,0.51569,0.13426,-0.00124,-0.00985,-0.01382,-0.02809,-0.00062,-0.01555,0.0
115,552000,321.0,1720,0.12216,0.32977,0.4,0.2716,-0.01552,0.01839,0.01083,0.01115,0.01603,0.34724,0.19363,0.00044,0.65227,0.51357,0.12536,-0.00097,-0.0094,-0.01318,-0.0283,-0.00065,-0.01707,0.0
116,556800,323.4,1722,0.12022,0.3323,0.4,0.27148,-0.01168,0.04361,0.00985,0.01119,0.01005,0.34094,0.12812,0.00067,0.65722,0.48546,0.13246,-0.00144,-0.00994,-0.01396,-0.02689,-0.00064,-0.01586,0.0
117,561600,325.7,1724,0.10769,0.33189,0.4,0.27258,-0.01434,0.04606,0.01022,0.01099,0.01473,0.34563,0.18767,0.001,0.59017,0.45259,0.11739,-0.00373,-0.01006,-0.01412,-0.0319,-0.00073,-0.0185,0.0
118,566400,328.3,1725,0.11873,0.33191,0.4,0.27366,-0.01351,0.04261,0.01009,0.01206,0.01425,0.35929,0.17938,0.001,0.65409,0.49217,0.11962,-0.00143,-0.01033,-0.01425,-0.03119,-0.00064,-0.01653,0.0
119,571200,330.4,1729,0.11726,0.33166,0.4,0.27366,-0.0138,0.02862,0.01017,0.01136,0.01534,0.36742,0.19396,0.00044,0.62463,0.49708,0.12785,-0.00106,-0.01032,-0.01422,-0.02967,-0.00062,-0.0169,0.0
120,576000,333.3,1728,0.12273,0.33596,0.4,0.27478,-0.01206,0.04883,0.0094,0.01072,0.01034,0.37113,0.14121,0.00067,0.63359,0.53335,0.13207,-0.00103,-0.01069,-0.01473,-0.02356,-0.00064,-0.01685,0.0
121,580800,335.7,1730,0.12181,0.35,0.4,0.27565,-0.01288,0.03813,0.00861,0.0108,0.01574,0.38459,0.18412,0.00044,0.60346,0.53012,0.15191,-0.0001,-0.01063,-0.01446,-0.02492,-0.00073,-0.01655,0.0
122,585600,338.0,1732,0.13605,0.35,0.4,0.27459,-0.01396,0.03363,0.00984,0.01254,0.01249,0.38328,0.16183,0.00067,0.7257,0.56875,0.13169,-0.00021,-0.01117,-0.01509,-0.02363,-0.00068,-0.01487,0.0
123,590400,340.3,1735,0.11923,0.35053,0.4,0.27403,-0.01455,0.03834,0.00969,0.01322,0.01666,0.37221,0.20192,0.00044,0.6294,0.50414,0.12687,-0.00073,-0.01102,-0.01468,-0.02473,-0.00071,-0.01622,0.0
124,595200,342.7,1737,0.12137,0.35196,0.4,0.27407,-0.01414,0.02607,0.01031,0.0124,0.01297,0.3705,0.16604,0.00067,0.66344,0.50137,0.12733,-0.0014,-0.01045,-0.01426,-0.03448,-0.00103,-0.01681,0.0
125,600000,345.1,1739,0.11368,0.35216,0.4,0.27371,-0.01201,0.04721,0.01,0.01244,0.01499,0.36917,0.18404,0.00044,0.61559,0.4834,0.11944,-0.00318,-0.01002,-0.01388,-0.03303,-0.00075,-0.01656,0.0
126,604800,347.4,1741,0.10633,0.35441,0.4,0.27352,-0.01095,0.04563,0.01196,0.01225,0.01215,0.3656,0.15396,0.00067,0.61028,0.42249,0.11359,-0.00297,-0.01002,-0.01388,-0.03328,-0.00073,-0.01803,0.0
127,609600,349.9,1742,0.10251,0.35424,0.4,0.27366,-0.01446,0.05369,0.01218,0.01333,0.01277,0.36489,0.16675,0.001,0.55912,0.45037,0.12013,-0.00586,-0.00989,-0.01376,-0.03599,-0.0015,-0.02084,0.0
128,614400,352.3,1744,0.11403,0.35368,0.4,0.27469,-0.01564,0.02641,0.01162,0.01323,0.01729,0.37128,0.20654,0.00044,0.63117,0.47509,0.1236,-0.00178,-0.01035,-0.01437,-0.03977,-0.0008,-0.01833,0.0
129,619200,354.5,1747,0.11603,0.35417,0.4,0.27503,-0.01486,0.03283,0.0126,0.01273,0.01294,0.37866,0.16308,0.00044,0.65505,0.46314,0.11972,-0.00205,-0.01057,-0.01488,-0.03227,-0.00091,-0.01697,0.0
130,624000,357.6,1745,0.11158,0.3549,0.4,0.2753,-0.01395,0.05008,0.012,0.01313,0.01095,0.38159,0.13388,0.00067,0.61153,0.46578,0.1351,-0.00362,-0.01043,-0.01441,-0.03556,-0.0009,-0.01915,-0.0
131,628800,359.9,1747,0.12959,0.3625,0.45,0.27557,-0.01196,0.03157,0.01232,0.01256,0.01482,0.38575,0.17204,0.00044,0.66238,0.54464,0.16109,-0.00167,-0.01069,-0.01448,-0.0302,-0.00083,-0.01433,0.0
132,633600,391.0,1620,0.12906,0.3625,0.45,0.27557,-0.01224,0.04457,0.01295,0.01404,0.01313,0.38675,0.16104,0.00067,0.71291,0.50891,0.13895,-0.00108,-0.01081,-0.0149,-0.02743,-0.00077,-0.0152,0.0
133,638400,426.4,1497,0.11932,0.36139,0.45,0.27536,-0.01273,0.04649,0.01313,0.01266,0.01558,0.38575,0.1925,0.00067,0.65343,0.48479,0.13216,-0.00401,-0.01049,-0.01461,-0.02446,-0.00082,-0.01441,-4e-05
134,643200,462.1,1392,0.11106,0.36192,0.45,0.27506,-0.01484,0.04974,0.01171,0.01213,0.01356,0.38267,0.16917,0.001,0.56951,0.49571,0.12587,-0.00093,-0.0102,-0.01428,-0.03523,-0.00133,-0.01852,0.0
135,648000,501.6,1292,0.11535,0.36324,0.45,0.27645,-0.0132,0.03086,0.01302,0.01198,0.01342,0.38932,0.17108,0.001,0.63084,0.48612,0.111,-0.00057,-0.00992,-0.01381,-0.03266,-0.00081,-0.01671,-1e-05
136,652800,538.4,1213,0.10689,0.36639,0.45,0.27591,-0.01185,0.03133,0.01233,0.01131,0.01411,0.39693,0.182,0.001,0.59321,0.43959,0.12015,-0.00434,-0.00965,-0.01342,-0.03393,-0.00114,-0.01736,-5e-05
137,657600,575.4,1143,0.11507,0.37084,0.45,0.2767,-0.01213,0.02633,0.01308,0.01145,0.01578,0.39502,0.20567,0.001,0.61889,0.47753,0.13135,-0.00163,-0.01009,-0.01415,-0.03271,-0.00077,-0.01773,-1e-05
138,662400,614.3,1078,0.11784,0.37314,0.45,0.27663,-0.01573,0.02504,0.01281,0.01157,0.01558,0.40071,0.20554,0.001,0.63519,0.50244,0.12056,-0.00263,-0.00979,-0.01355,-0.03514,-0.00081,-0.01783,0.0
139,667200,653.5,1021,0.10918,0.37448,0.45,0.27636,-0.01177,0.0472,0.01235,0.01069,0.01051,0.39739,0.14325,0.001,0.58845,0.48342,0.11188,-0.00316,-0.00971,-0.01348,-0.03328,-0.00113,-0.01866,0.0
140,672000,692.1,971,0.11828,0.3729,0.45,0.27717,-0.01444,0.02488,0.01123,0.01066,0.01559,0.39901,0.1875,0.00067,0.63157,0.49192,0.13082,-0.00169,-0.0096,-0.01345,-0.02932,-0.00115,-0.0163,0.0
141,676800,746.9,906,0.12199,0.38229,0.45,0.27626,-0.01338,0.02363,0.01185,0.0102,0.01582,0.40221,0.19262,0.00067,0.59174,0.54258,0.1523,-0.00141,-0.00955,-0.01311,-0.02567,-0.00079,-0.01624,0.0
142,681600,766.0,890,0.1352,0.38229,0.45,0.27525,-0.01438,0.02758,0.01272,0.01179,0.01492,0.3898,0.17721,0.00067,0.71831,0.57251,0.13208,-0.00209,-0.00991,-0.01367,-0.02889,-0.00092,-0.01546,0.0
143,686400,768.5,893,0.12403,0.38197,0.45,0.27585,-0.01458,0.03216,0.01168,0.01069,0.01461,0.38735,0.17679,0.00067,0.64757,0.52694,0.13432,-0.00118,-0.00956,-0.01315,-0.02495,-0.00074,-0.01478,0.0
144,691200,770.9,897,0.12156,0.38154,0.45,0.27542,-0.01339,0.03991,0.01219,0.00929,0.01609,0.38948,0.19492,0.0003,0.66551,0.49584,0.12712,-0.00048,-0.01009,-0.01391,-0.02767,-0.00077,-0.01579,0.0
145,696000,773.5,900,0.11039,0.38139,0.45,0.27495,-0.01279,0.03724,0.01257,0.00951,0.00878,0.38385,0.11233,0.00044,0.53719,0.51568,0.12937,-0.00113,-0.00961,-0.01342,-0.03631,-0.00117,-0.01673,0.0
146,700800,776.1,903,0.11038,0.38465,0.45,0.27339,-0.01409,0.0315,0.01273,0.01089,0.01134,0.37375,0.14242,0.00067,0.61988,0.4584,0.1062,-0.00192,-0.00989,-0.0137,-0.0354,-0.00131,-0.01841,0.0
147,705600,778.6,906,0.11046,0.38801,0.45,0.27196,-0.01325,0.04059,0.0125,0.00988,0.01462,0.35658,0.18196,0.00067,0.61438,0.46504,0.10388,-0.0024,-0.00975,-0.01336,-0.03023,-0.00089,-0.01787,0.0
148,710400,781.0,910,0.11668,0.39046,0.45,0.27034,-0.01328,0.03328,0.01178,0.00956,0.01419,0.33882,0.18179,0.00067,0.65315,0.46446,0.12264,-0.00087,-0.01022,-0.01388,-0.03181,-0.00132,-0.01538,0.0
149,715200,783.4,913,0.11958,0.3913,0.45,0.26989,-0.01536,0.02543,0.01146,0.00799,0.0154,0.32664,0.18512,0.00044,0.63737,0.50248,0.13165,-0.00138,-0.00949,-0.01298,-0.03461,-0.00179,-0.01541,0.0
150,720000,786.0,916,0.12122,0.39678,0.45,0.27132,-0.01268,0.03244,0.01201,0.00864,0.01037,0.33106,0.13079,0.00067,0.62416,0.5136,0.15201,-0.0021,-0.01003,-0.01355,-0.03327,-0.00086,-0.01355,0.0
151,724800,788.4,919,0.11956,0.40656,0.5,0.27033,-0.01408,0.03768,0.01131,0.00916,0.0135,0.33753,0.15854,0.001,0.63371,0.50341,0.14679,-0.00423,-0.01007,-0.0138,-0.03541,-0.00096,-0.01548,-0.0
152,729600,790.7,923,0.11201,0.40521,0.5,0.26913,-0.01722,0.02936,0.01133,0.01113,0.01526,0.32139,0.19208,0.00044,0.63789,0.44219,0.1243,-0.00258,-0.01029,-0.014,-0.03924,-0.00087,-0.01734,0.0
153,734400,793.3,926,0.11227,0.40494,0.5,0.26903,-0.01103,0.04425,0.0123,0.01065,0.0108,0.31569,0.14079,0.00067,0.63801,0.4362,0.13549,-0.00268,-0.00957,-0.01304,-0.03108,-0.0013,-0.01683,-0.0
154,739200,795.8,929,0.11558,0.4037,0.5,0.26819,-0.01424,0.03855,0.01221,0.01125,0.01414,0.31061,0.18329,0.00067,0.65086,0.44714,0.13107,-0.0022,-0.00996,-0.01357,-0.02663,-0.00086,-0.01591,0.0
155,744000,798.2,932,0.10847,0.40326,0.5,0.26803,-0.01436,0.04253,0.01181,0.01056,0.01373,0.30392,0.1815,0.001,0.59901,0.44919,0.11414,-0.00201,-0.00985,-0.01315,-0.03641,-0.00102,-0.01516,0.0
156,748800,800.6,935,0.10339,0.40522,0.5,0.26809,-0.0132,0.0535,0.01222,0.01079,0.01681,0.30417,0.19621,0.0003,0.57547,0.42988,0.11269,-0.00317,-0.00989,-0.01348,-0.03838,-0.00092,-0.01418,-0.0
157,753600,802.9,939,0.10649,0.40544,0.5,0.26801,-0.01093,0.03921,0.01147,0.00965,0.00884,0.30357,0.12029,0.00044,0.57845,0.44848,0.12091,-0.00246,-0.00974,-0.01349,-0.03678,-0.00086,-0.01545,-1e-05
158,758400,805.6,941,0.10901,0.40625,0.5,0.26699,-0.01304,0.04389,0.01181,0.01145,0.0137,0.29709,0.16417,0.00067,0.61064,0.44093,0.1113,-0.00458,-0.00972,-0.01341,-0.02763,-0.00078,-0.01663,0.0
159,763200,808.3,944,0.10296,0.40516,0.5,0.26714,-0.0126,0.04267,0.0118,0.01135,0.0158,0.29066,0.19154,0.00067,0.55905,0.46108,0.10445,-0.00531,-0.01012,-0.01376,-0.03811,-0.00133,-0.01804,0.0
160,768000,811.1,947,0.10278,0.40806,0.5,0.26706,-0.0115,0.03996,0.01246,0.01079,0.01372,0.29368,0.16679,0.00067,0.53766,0.46828,0.10741,-0.00407,-0.0096,-0.0132,-0.03137,-0.00093,-0.01809,0.0
161,772800,813.4,950,0.11829,0.41121,0.5,0.26695,-0.01579,0.03173,0.01366,0.0099,0.01328,0.29082,0.166,0.001,0.59356,0.53738,0.13074,-0.00166,-0.00924,-0.01264,-0.03464,-0.00086,-0.01555,0.0
162,777600,815.7,953,0.12262,0.41042,0.5,0.26653,-0.01192,0.0301,0.01438,0.00979,0.01365,0.28823,0.17237,0.001,0.67758,0.51315,0.10931,-0.00094,-0.00926,-0.01265,-0.0368,-0.00079,-0.01343,0.0
163,782400,817.9,957,0.10599,0.41279,0.5,0.26713,-0.01499,0.0317,0.01441,0.01206,0.01401,0.2877,0.17892,0.001,0.56793,0.46521,0.10345,-0.0016,-0.00937,-0.01302,-0.03482,-0.00118,-0.01671,0.0
164,787200,820.6,959,0.10448,0.41386,0.5,0.26814,-0.01524,0.05241,0.01409,0.01265,0.01436,0.29748,0.1715,0.00067,0.58456,0.45329,0.09886,-0.00443,-0.00911,-0.01265,-0.03525,-0.00125,-0.01673,-1e-05
165,792000,823.3,962,0.10211,0.41146,0.5,0.26829,-0.01059,0.0271,0.01476,0.01297,0.01204,0.30441,0.15921,0.00067,0.57564,0.44155,0.08883,-0.00519,-0.00903,-0.01245,-0.04014,-0.00121,-0.01686,0.0
166,796800,828.1,962,0.09858,0.41222,0.5,0.26787,-0.01581,0.0391,0.01488,0.01264,0.0172,0.3027,0.20554,0.0003,0.56052,0.42924,0.09119,-0.0044,-0.00921,-0.0127,-0.03889,-0.0026,-0.02318,0.0
167,801600,830.4,965,0.10454,0.41301,0.5,0.26778,-0.01257,0.04894,0.01424,0.01134,0.00887,0.3001,0.11658,0.00044,0.58753,0.44562,0.10499,-0.00436,-0.00924,-0.01269,-0.02895,-0.00114,-0.01968,-2e-05
168,806400,833.1,968,0.11448,0.41184,0.5,0.26749,-0.01537,0.02882,0.01416,0.01035,0.01175,0.29781,0.15525,0.00067,0.6681,0.45078,0.09671,-0.00259,-0.00919,-0.01243,-0.02755,-0.00088,-0.01818,-0.0
169,811200,835.6,971,0.09934,0.41305,0.5,0.26784,-0.01372,0.04579,0.01429,0.01172,0.015,0.29731,0.18325,0.00067,0.59516,0.40047,0.0852,-0.00305,-0.00903,-0.01231,-0.03553,-0.00122,-0.02216,0.0
170,816000,838.5,973,0.10748,0.41445,0.5,0.26782,-0.01827,0.03454,0.01597,0.01287,0.01725,0.29935,0.20558,0.00044,0.62907,0.43791,0.091,-0.00389,-0.00891,-0.01202,-0.03423,-0.00096,-0.01901,0.0
171,820800,841.2,976,0.10567,0.41522,0.5,0.26786,-0.01376,0.04783,0.01421,0.0112,0.01216,0.29992,0.145,0.00067,0.57944,0.4435,0.11805,-0.00386,-0.00887,-0.01203,-0.03116,-0.00087,-0.01917,0.0
172,825600,843.7,979,0.11207,0.41364,0.5,0.26881,-0.0139,0.02867,0.01355,0.01278,0.01745,0.30417,0.19713,0.00044,0.62638,0.46821,0.1028,-0.00308,-0.00919,-0.01242,-0.03056,-0.00096,-0.01635,0.0
173,830400,846.1,981,0.11032,0.41508,0.5,0.26866,-0.01489,0.04079,0.01397,0.0136,0.01221,0.30979,0.15496,0.00067,0.62463,0.43938,0.11578,-0.00233,-0.00942,-0.01274,-0.0281,-0.00095,-0.01891,0.0
174,835200,848.8,984,0.10707,0.41586,0.5,0.26969,-0.01332,0.03855,0.01473,0.01365,0.01884,0.31358,0.20754,0.0003,0.60357,0.43202,0.11633,-0.00429,-0.00905,-0.01249,-0.03194,-0.0009,-0.01839,0.0
175,840000,851.2,987,0.11139,0.41667,0.5,0.27013,-0.01312,0.04005,0.01415,0.01294,0.01063,0.32284,0.13629,0.00044,0.62784,0.44207,0.11984,-0.00294,-0.0089,-0.01222,-0.03311,-0.00085,-0.01784,0.0
176,844800,853.4,990,0.10087,0.4156,0.5,0.26921,-0.0122,0.03851,0.01326,0.01171,0.01287,0.32156,0.15458,0.00067,0.5209,0.45677,0.12257,-0.00389,-0.00922,-0.01278,-0.03098,-0.00128,-0.0209,0.0
177,849600,856.0,993,0.11076,0.41796,0.55,0.26938,-0.0145,0.02641,0.01331,0.01368,0.01477,0.31493,0.18442,0.00044,0.60492,0.45728,0.12413,-0.00297,-0.00931,-0.01295,-0.03198,-0.00113,-0.02036,0.0
178,854400,866.3,986,0.10859,0.41875,0.55,0.26835,-0.01243,0.04337,0.01225,0.01237,0.01171,0.31423,0.15279,0.00067,0.59395,0.45455,0.11825,-0.0022,-0.00912,-0.01263,-0.03621,-0.00107,-0.01958,0.0
179,859200,868.8,989,0.09598,0.41874,0.55,0.26663,-0.01187,0.03277,0.01305,0.01193,0.01638,0.29609,0.18954,0.00067,0.55426,0.39482,0.10018,-0.00375,-0.00899,-0.0124,-0.03475,-0.00136,-0.01985,0.0
180,864000,871.3,992,0.10724,0.41936,0.55,0.26545,-0.01619,0.02957,0.01318,0.01201,0.0168,0.27927,0.19896,0.00044,0.61311,0.43268,0.10909,-0.0029,-0.00876,-0.01202,-0.03676,-0.00092,-0.02111,0.0
181,868800,873.8,994,0.11021,0.42709,0.55,0.26502,-0.01113,0.03236,0.01278,0.01055,0.01195,0.27152,0.15025,0.00067,0.57968,0.47788,0.12761,-0.00245,-0.00928,-0.01263,-0.03421,-0.001,-0.01939,0.0
182,873600,878.3,995,0.11068,0.42803,0.55,0.26483,-0.01586,0.0302,0.01345,0.01095,0.01459,0.26785,0.17792,0.00067,0.61351,0.45656,0.11491,-0.00364,-0.00908,-0.01234,-0.03269,-0.00111,-0.0193,0.0
183,878400,880.9,997,0.11056,0.42809,0.55,0.26544,-0.01258,0.0436,0.01301,0.01037,0.01963,0.26946,0.22267,0.0003,0.61246,0.45389,0.12057,-0.00289,-0.00891,-0.0121,-0.03425,-0.00108,-0.01787,0.0
184,883200,886.5,996,0.11231,0.42645,0.55,0.2651,-0.01175,0.04045,0.01387,0.01075,0.0085,0.27329,0.11088,0.00044,0.61312,0.48111,0.119,-0.00347,-0.00891,-0.01206,-0.0346,-0.00102,-0.01757,0.0
185,888000,888.8,999,0.11874,0.42529,0.55,0.26542,-0.01361,0.04173,0.01312,0.00985,0.01362,0.26964,0.17,0.00067,0.62469,0.5098,0.12513,-0.00292,-0.00928,-0.01226,-0.02554,-0.00103,-0.01703,-0.0
186,892800,891.4,1002,0.11487,0.42482,0.55,0.26671,-0.01451,0.04694,0.01376,0.01034,0.01502,0.28059,0.17308,0.00044,0.60966,0.50888,0.11371,-0.00268,-0.00925,-0.01213,-0.02927,-0.00088,-0.01688,0.0
187,897600,901.3,996,0.11297,0.42482,0.55,0.26584,-0.0142,0.04684,0.01306,0.00867,0.01216,0.28552,0.15396,0.00067,0.59801,0.48652,0.1279,-0.00092,-0.00899,-0.01195,-0.03474,-0.0009,-0.01689,-0.0
188,902400,903.4,999,0.10762,0.4249,0.55,0.26451,-0.01155,0.04721,0.01338,0.00894,0.0134,0.27001,0.17113,0.001,0.58338,0.46655,0.1101,-0.00192,-0.00906,-0.01213,-0.03766,-0.00092,-0.01799,0.0
189,907200,905.8,1002,0.10704,0.42568,0.55,0.26404,-0.01264,0.03645,0.01457,0.00971,0.01422,0.2599,0.1785,0.001,0.58648,0.45372,0.10837,-0.00362,-0.00864,-0.01163,-0.03555,-0.001,-0.01768,-5e-05
190,912000,908.3,1004,0.10345,0.42944,0.55,0.26412,-0.01426,0.04885,0.01545,0.00955,0.01099,0.25715,0.13825,0.001,0.54348,0.46382,0.111,-0.003,-0.00891,-0.01211,-0.03177,-0.00093,-0.0187,0.0
191,916800,911.4,1006,0.11083,0.43315,0.55,0.26413,-0.01483,0.02948,0.01524,0.00911,0.01437,0.25815,0.18071,0.001,0.59874,0.47586,0.11388,-0.00312,-0.009,-0.01219,-0.03507,-0.00148,-0.01929,0.0
192,921600,914.1,1008,0.10258,0.4333,0.55,0.26369,-0.0121,0.03507,0.0155,0.01144,0.01537,0.25558,0.18821,0.00067,0.56083,0.44328,0.10323,-0.00368,-0.00898,-0.01216,-0.03221,-0.001,-0.01936,0.0
193,926400,916.3,1011,0.11002,0.43324,0.5,0.26288,-0.01126,0.03494,0.01604,0.01078,0.01426,0.2487,0.17767,0.001,0.60794,0.48108,0.09616,-0.00423,-0.00896,-0.01209,-0.03156,-0.00131,-0.01849,-0.0
194,931200,919.0,1013,0.11984,0.43524,0.5,0.26192,-0.01563,0.02828,0.01688,0.01005,0.01365,0.23872,0.17846,0.00067,0.63634,0.51639,0.11304,-0.0015,-0.00866,-0.01162,-0.02989,-0.00088,-0.01485,0.0
195,936000,921.2,1016,0.12083,0.43929,0.55,0.26169,-0.01431,0.04251,0.01699,0.01114,0.01541,0.23125,0.19125,0.00044,0.66022,0.48828,0.12523,-0.00316,-0.00926,-0.01243,-0.02431,-0.00087,-0.01543,0.0
196,940800,923.8,1018,0.10753,0.44082,0.55,0.26152,-0.01278,0.05109,0.01851,0.01134,0.00872,0.23027,0.11338,0.00067,0.57822,0.46109,0.1209,-0.00381,-0.00886,-0.01196,-0.03638,-0.0025,-0.01721,0.0
197,945600,926.4,1021,0.10417,0.44522,0.5,0.2605,-0.01334,0.03662,0.02078,0.01084,0.01547,0.22303,0.18638,0.001,0.50752,0.48523,0.13026,-0.00245,-0.00874,-0.01171,-0.0362,-0.00122,-0.01681,0.0
198,950400,929.2,1023,0.11326,0.44655,0.55,0.26001,-0.01278,0.03331,0.02066,0.01159,0.01465,0.21482,0.18471,0.00067,0.62501,0.46497,0.11603,-0.00218,-0.00877,-0.01167,-0.02775,-0.00094,-0.0179,0.0
199,955200,931.9,1025,0.11093,0.44626,0.55,0.26029,-0.01511,0.06382,0.01854,0.01388,0.01493,0.21244,0.18471,0.00044,0.58731,0.48289,0.12126,-0.00431,-0.00907,-0.01186,-0.02977,-0.00117,-0.01768,0.0
200,960000,934.3,1028,0.11117,0.44655,0.55,0.26036,-0.01438,0.03758,0.01706,0.01337,0.01202,0.21565,0.15317,0.00067,0.54612,0.51138,0.13435,-0.00376,-0.00927,-0.01214,-0.03834,-0.00103,-0.01559,0.0
201,964800,936.5,1030,0.10516,0.44851,0.55,0.26086,-0.01386,0.03398,0.01821,0.01426,0.01815,0.21847,0.19729,0.00044,0.53643,0.47216,0.12408,-0.00217,-0.00918,-0.01214,-0.03852,-0.00098,-0.01808,0.0
202,969600,938.7,1033,0.10774,0.4484,0.55,0.26159,-0.01298,0.03407,0.01911,0.01327,0.00979,0.22431,0.12417,0.00067,0.57115,0.47256,0.12653,-0.00291,-0.00932,-0.01232,-0.03401,-0.00136,-0.02041,0.0
203,974400,941.2,1035,0.11993,0.4488,0.55,0.26209,-0.01513,0.03425,0.01814,0.01272,0.01741,0.2332,0.19942,0.0003,0.61589,0.52994,0.13237,-0.00307,-0.00993,-0.01308,-0.03164,-0.00143,-0.0154,-0.00017
204,979200,943.7,1038,0.11542,0.44956,0.55,0.26236,-0.01416,0.04744,0.01747,0.01223,0.01037,0.23657,0.13042,0.00044,0.59267,0.49943,0.13784,-0.00251,-0.00941,-0.0123,-0.02552,-0.00094,-0.01665,-5e-05
205,984000,945.9,1040,0.12251,0.45007,0.55,0.26269,-0.01523,0.02872,0.01735,0.01167,0.01276,0.2404,0.15529,0.00067,0.65597,0.5166,0.13065,-0.00304,-0.00988,-0.01271,-0.02817,-0.00094,-0.01506,-0.0
206,988800,948.3,1043,0.12453,0.45094,0.55,0.26289,-0.01188,0.03002,0.01752,0.01093,0.01622,0.24424,0.18908,0.00067,0.65854,0.5273,0.1277,-0.00159,-0.01028,-0.01322,-0.02517,-0.00083,-0.01302,0.0
207,993600,950.9,1045,0.11505,0.45166,0.55,0.2632,-0.01498,0.03493,0.01765,0.01041,0.01643,0.24682,0.19471,0.00067,0.57487,0.51778,0.13334,-0.00148,-0.00983,-0.01267,-0.03226,-0.00084,-0.01422,-0.0
208,998400,953.2,1047,0.11374,0.45241,0.55,0.26202,-0.01384,0.0295,0.01696,0.01066,0.01517,0.24257,0.19083,0.001,0.59406,0.48762,0.12941,-0.00331,-0.00987,-0.01283,-0.03182,-0.00092,-0.01497,0.0
209,1003200,955.6,1050,0.11132,0.45416,0.55,0.26101,-0.01728,0.03989,0.01738,0.0127,0.02099,0.22805,0.23304,0.0003,0.58197,0.47572,0.12385,-0.00243,-0.00916,-0.0117,-0.02556,-0.00093,-0.01855,0.0
210,1008000,958.3,1052,0.10253,0.4558,0.55,0.26081,-0.01143,0.03925,0.01609,0.01097,0.00859,0.22196,0.11179,0.00044,0.51807,0.47625,0.11908,-0.00487,-0.00884,-0.01147,-0.03555,-0.00103,-0.01806,0.0
211,1012800,960.7,1054,0.11358,0.45517,0.55,0.26038,-0.01314,0.03052,0.01599,0.00965,0.01094,0.21866,0.13658,0.00067,0.60497,0.48772,0.11959,-0.00193,-0.00922,-0.01207,-0.03462,-0.00094,-0.01351,0.0
212,1017600,963.4,1056,0.10647,0.45571,0.55,0.25973,-0.01165,0.04033,0.01602,0.01009,0.01234,0.21081,0.16117,0.001,0.55032,0.46988,0.12663,-0.00336,-0.00955,-0.01231,-0.03255,-0.001,-0.01503,0.0
213,1022400,965.9,1059,0.10859,0.45631,0.55,0.25978,-0.01252,0.03969,0.01574,0.01051,0.01298,0.20725,0.17246,0.001,0.56411,0.48058,0.12196,-0.00343,-0.0091,-0.01177,-0.0333,-0.00087,-0.01812,0.0
214,1027200,968.9,1060,0.11613,0.46051,0.55,0.25839,-0.01536,0.02489,0.01574,0.01082,0.01649,0.20004,0.19787,0.00044,0.60307,0.51695,0.11567,-0.00296,-0.00892,-0.01163,-0.03246,-0.00091,-0.01749,0.0
215,1032000,971.3,1062,0.11923,0.46421,0.55,0.2583,-0.01141,0.02644,0.01775,0.01198,0.01125,0.19066,0.14588,0.00067,0.62063,0.52899,0.1182,-0.00281,-0.00928,-0.01202,-0.0322,-0.00107,-0.01394,0.0
216,1036800,973.8,1065,0.10884,0.46299,0.55,0.25779,-0.01573,0.0477,0.01648,0.01246,0.01491,0.18771,0.18371,0.00044,0.55975,0.4867,0.12329,-0.00303,-0.00955,-0.01209,-0.03251,-0.001,-0.01484,0.0
217,1041600,976.2,1067,0.10865,0.46376,0.55,0.25714,-0.01545,0.03474,0.01558,0.01438,0.01158,0.18169,0.14413,0.00067,0.56388,0.48139,0.13034,-0.00307,-0.00906,-0.01149,-0.03939,-0.00185,-0.01596,-0.0
218,1046400,978.8,1069,0.10692,0.46244,0.55,0.25654,-0.01382,0.04739,0.01683,0.01443,0.01699,0.1732,0.20142,0.00044,0.56396,0.46568,0.12349,-0.00338,-0.00905,-0.01162,-0.0339,-0.00105,-0.01662,0.0
219,1051200,981.3,1071,0.11233,0.46015,0.55,0.25682,-0.01349,0.03828,0.01508,0.01387,0.01332,0.17123,0.16546,0.00067,0.62388,0.48182,0.10798,-0.00472,-0.00884,-0.01148,-0.03601,-0.00098,-0.01587,0.0
220,1056000,983.7,1074,0.10684,0.46006,0.55,0.25715,-0.01376,0.04867,0.01295,0.01589,0.01551,0.1759,0.18496,0.00044,0.59229,0.45705,0.10515,-0.00617,-0.00882,-0.01158,-0.0359,-0.00098,-0.01842,-2e-05
221,1060800,986.0,1076,0.10816,0.4613,0.55,0.25683,-0.01283,0.03183,0.01502,0.01286,0.01212,0.17423,0.15229,0.00067,0.61309,0.43978,0.10514,-0.00323,-0.00893,-0.01158,-0.03577,-0.00117,-0.01578,0.0
222,1065600,988.7,1078,0.10745,0.46203,0.6,0.25693,-0.01392,0.04372,0.01538,0.01301,0.01618,0.17132,0.198,0.00044,0.59208,0.45264,0.10579,-0.00462,-0.00868,-0.0112,-0.02992,-0.00086,-0.01661,0.0
